rank,institution,state,oos_penalty_30yr_npv_usd,npv_resident_usd,npv_nonresident_usd,tuition_in_state_usd,tuition_out_of_state_usd
1,University of Michigan-Ann Arbor,MI,1422605,2841094,1418489,18309,60107
2,University of Virginia-Main Campus,VA,1269855,2631442,1361587,22323,59633
3,The University of Texas at Austin,TX,1058496,2507021,1448525,11678,42778
4,University of California-San Diego,CA,1047503,1302986,255483,15265,46042
5,University of California-Berkeley,CA,1047502,2500274,1452772,14850,45627
6,Virginia Military Institute,VA,1044950,1457061,412111,20484,51186
7,"University of Maryland, Baltimore",MD,1040185,3313919,2273734,13374,43936
8,University of North Carolina at Chapel Hill,NC,1032663,1589558,556895,8989,39330
9,University of Wisconsin-Madison,WI,1000568,2299905,1299337,11205,40603
10,University of Washington-Seattle Campus,WA,999070,1822874,823804,12643,41997
11,University of Maryland-College Park,MD,980249,2448555,1468306,11505,40306
12,Indiana University-Bloomington,IN,976539,1857193,880654,11790,40482
13,Texas A & M University-College Station,TX,935526,2536850,1601324,12841,40328
14,Michigan State University,MI,911123,2017843,1106720,17270,44040
15,University of Colorado Boulder,CO,898088,1354350,456262,15556,41943
16,University of Arizona,AZ,868137,1256744,388607,13277,38784
17,Ohio State University-Main Campus,OH,868103,1930532,1062429,12859,38365
18,The University of Texas at Dallas,TX,867899,1916422,1048523,14564,40064
19,Citadel Military College of South Carolina,SC,844073,2382141,1538068,12570,37370
20,William & Mary,VA,829472,1008708,179236,25041,49412
21,George Mason University,VA,822427,1933111,1110684,13815,37979
22,Clemson University,SC,814940,2051181,1236241,15554,39498
23,University of Delaware,DE,804593,1914234,1109641,16080,39720
24,Michigan Technological University,MI,794450,4225485,3431035,19747,43089
25,Indiana University-Indianapolis,IN,791932,1759473,967541,10449,33717
26,Montana State University,MT,791456,1583929,792473,8083,31337
27,Colorado School of Mines,CO,789277,4836958,4047681,21186,44376
28,Oregon Institute of Technology,OR,779577,3767437,2987860,12687,35592
29,North Carolina State University at Raleigh,NC,778454,2221649,1443195,8895,31767
30,University of Maine,ME,773961,1481207,707246,12606,35346
31,University of Connecticut,CT,771511,1548086,776575,20366,43034
32,University of Florida,FL,758237,1749229,990992,6381,28659
33,University of South Carolina-Columbia,SC,757454,1661415,903961,12688,34943
34,Oregon State University,OR,754562,1203072,448510,13494,35664
35,University of Iowa,IA,747516,1881981,1134465,10964,32927
36,University of Massachusetts-Amherst,MA,746597,1372905,626308,17357,39293
37,University of Massachusetts-Boston,MA,737748,1259892,522144,15495,37171
38,University of Missouri-St Louis,MO,729035,1347639,618604,14400,35820
39,Auburn University,AL,728626,2200730,1472104,12536,33944
40,The University of Alabama,AL,724951,1820478,1095527,11900,33200
41,Virginia Polytechnic Institute and State University,VA,722091,2607331,1885240,15478,36694
42,University of Illinois Urbana-Champaign,IL,719233,2308631,1589398,18060,39192
43,Georgia Institute of Technology-Main Campus,GA,718552,5161694,4443142,11764,32876
44,Miami University-Oxford,OH,716918,1820717,1103799,17060,38124
45,University of Idaho,ID,713651,1247377,533726,8816,29784
46,Colorado State University-Fort Collins,CO,706436,983589,277153,13009,33765
47,University of Utah,UT,698471,1791367,1092896,9315,29837
48,Old Dominion University,VA,694318,1067848,373530,12262,32662
49,University of Missouri-Columbia,MO,687785,1655826,968041,14130,34338
50,University of Kentucky,KY,687307,1265313,578006,13212,33406
51,Arizona State University Campus Immersion,AZ,685538,1553205,867667,12051,32193
52,Pennsylvania State University-Main Campus,PA,679139,2202506,1523367,20234,40188
53,California Polytechnic State University-San Luis Obispo,CA,677982,3020167,2342185,11075,30995
54,University of Minnesota-Twin Cities,MN,677778,1824263,1146485,16488,36402
55,University at Buffalo,NY,673558,775637,102079,10782,30572
56,Stony Brook University,NY,673557,1461500,787943,10560,30350
57,University of New Hampshire-Main Campus,NH,672877,1310166,637289,19112,38882
58,Middle Tennessee State University,TN,664913,948939,284026,9506,29042
59,University of Rhode Island,RI,660148,1210637,550489,16408,35804
60,Georgia College & State University,GA,652795,1455703,802908,8998,28178
61,University of Nebraska Medical Center,NE,652456,2832621,2180165,14720,33890
62,Idaho State University,ID,650414,1346624,696210,8356,27466
63,Binghamton University,NY,649733,1468232,818499,10363,29453
64,Florida Gulf Coast University,FL,648167,1060601,412434,6118,25162
65,University of Georgia,GA,648031,1612796,964765,11180,30220
66,University of Arkansas,AR,647487,2221601,1574114,9748,28772
67,University of Massachusetts-Lowell,MA,640747,1694316,1053569,16570,35396
68,Purdue University-Main Campus,IN,639930,3048360,2408430,9992,28794
69,Rutgers University-New Brunswick,NJ,638569,1462318,823749,17239,36001
70,Metropolitan State University of Denver,CO,637241,1234584,597343,10780,29503
71,The University of Tennessee-Knoxville,TN,629312,1339145,709833,13484,31974
72,University of Pittsburgh-Pittsburgh Campus,PA,625091,1457180,832089,21524,39890
73,University of New Mexico-Main Campus,NM,624070,911320,287250,8115,26451
74,Boise State University,ID,619237,1477721,858484,8782,26976
75,University of Colorado Denver/Anschutz Medical Campus,CO,619169,1538378,919209,10017,28209
76,Ball State University,IN,612906,1123517,510611,10758,28766
77,University of Missouri-Kansas City,MO,612635,1741498,1128863,12734,30734
78,The University of Texas at Arlington,TX,610319,2724270,2113951,11727,29659
79,University of Kansas,KS,602832,1834410,1231578,11700,29412
80,West Virginia University,WV,602832,1756482,1153650,9648,27360
81,Wayne State University,MI,602220,1606357,1004137,15464,33158
82,University of Nebraska-Lincoln,NE,600382,1654820,1054438,10108,27748
83,Portland State University,OR,600381,806615,206234,10617,28257
84,Central Washington University,WA,598305,987220,388915,9192,26771
85,University of Mississippi,MS,597931,1370091,772160,9412,26980
86,Eastern Washington University,WA,596945,712622,115677,8353,25892
87,Missouri University of Science and Technology,MO,592213,4573427,3981214,14278,31678
88,University of Maryland-Baltimore County,MD,590716,1316379,725663,12952,30308
89,New Mexico Institute of Mining and Technology,NM,587244,5412673,4825429,9058,26312
90,James Madison University,VA,585883,1760629,1174746,13576,30790
91,Iowa State University,IA,584929,2671065,2086136,10497,27683
92,New Mexico State University-Main Campus,NM,582819,995419,412600,8147,25271
93,University of Oklahoma-Norman Campus,OK,580981,2469949,1888968,9595,26665
94,Towson University,MD,579279,1160445,581166,11306,28326
95,Appalachian State University,NC,578462,802590,224128,7541,24537
96,University of Nevada-Las Vegas,NV,577136,1302957,725821,9142,26099
97,University of Nevada-Reno,NV,577102,1436028,858926,8994,25950
98,University of Mary Washington,VA,575876,577243,1367,14559,31479
99,New Jersey Institute of Technology,NJ,575604,3121510,2545906,19022,35934
100,Kansas State University,KS,574310,1971852,1397542,10942,27816
101,Mississippi State University,MS,570601,1555766,985165,9815,26580
102,Louisiana State University and Agricultural & Mechanical College,LA,567606,2022485,1454879,11954,28631
103,Montana Technological University,MT,567503,5274302,4706799,7993,24667
104,University of Massachusetts-Dartmouth,MA,563011,1337179,774168,15208,31750
105,Saginaw Valley State University,MI,561990,1364630,802640,12240,28752
106,University of Alaska Southeast,AK,561309,2341012,1779703,8820,25312
107,University of Michigan-Dearborn,MI,558722,2283914,1725192,14944,31360
108,University of Alaska Fairbanks,AK,557769,1649748,1091979,10016,26404
109,University of Louisville,KY,556340,1479945,923605,12828,29174
110,East Carolina University,NC,553991,1449753,895762,7361,23638
111,Texas A & M University-Kingsville,TX,551847,1408841,856994,9892,26106
112,University of Southern Maine,ME,550826,1314613,763787,10920,27104
113,University of Central Florida,FL,547933,827226,279293,6368,22467
114,Washington State University,WA,547150,1681024,1133874,12997,29073
115,The University of Texas at El Paso,TX,543475,914303,370828,9544,25512
116,Utah State University,UT,541773,1323552,781779,8305,24223
117,University of Wyoming,WY,537076,1618801,1081725,6938,22718
118,University of North Carolina at Greensboro,NC,535919,774672,238753,7593,23339
119,University of Illinois Chicago,IL,533979,1370447,836468,15816,31505
120,University of North Carolina Wilmington,NC,533264,974290,441026,7317,22985
121,Prairie View A & M University,TX,530099,1900544,1370445,11299,26874
122,Western Kentucky University,KY,529725,845487,315762,11436,27000
123,Rhode Island College,RI,528669,1008031,479362,10986,26519
124,Oklahoma State University-Main Campus,OK,528227,2000259,1472032,10110,25630
125,Maine Maritime Academy,ME,526865,6593271,6066406,14746,30226
126,Augusta University,GA,523394,1424023,900629,8122,23500
127,University of Cincinnati-Main Campus,OH,521896,1965207,1443311,12906,28240
128,The University of Texas at Tyler,TX,520739,1816558,1295819,9452,24752
129,Temple University,PA,519276,1002952,483676,21991,37248
130,Georgia State University,GA,518391,1096234,577843,8478,23709
131,Frostburg State University,MD,516723,732196,215473,9998,25180
132,Florida State University,FL,516179,1084151,567972,6517,21683
133,University of North Carolina at Charlotte,NC,499025,1649636,1150611,7214,21876
134,Montana State University Billings,MT,498310,1082988,584678,6706,21347
135,Christopher Newport University,VA,498174,645600,147426,16351,30988
136,Colorado Mesa University,CO,496914,935385,438471,9712,24312
137,Fashion Institute of Technology,NY,494260,1198640,704380,8050,22572
138,University of Northern Colorado,CO,490516,557863,67347,11528,25940
139,University of Houston-Clear Lake,TX,482756,2010733,1527977,8322,22506
140,University of Alaska Anchorage,AK,480816,2344964,1864148,7566,21693
141,Nevada State University,NV,479250,2678242,2198992,6368,20449
142,Lewis-Clark State College,ID,476425,1830853,1354428,7388,21386
143,University of Nebraska at Omaha,NE,476085,1658833,1182748,8370,22358
144,The University of Texas Health Science Center at San Antonio,TX,472137,2696918,2224781,9577,23449
145,Indiana University-East,IN,471865,1624444,1152579,8179,22043
146,Indiana University-Kokomo,IN,471865,1657316,1185451,8179,22043
147,Indiana University-Southeast,IN,471865,1353243,881378,8179,22043
148,Indiana University-Northwest,IN,471864,1354191,882327,8179,22043
149,Indiana University-South Bend,IN,471864,1210306,738442,8179,22043
150,Southern Utah University,UT,470231,834455,364224,6770,20586
151,Texas A&M University-San Antonio,TX,470027,1340220,870193,9354,23164
152,University of Louisiana at Lafayette,LA,467236,1591936,1124700,10418,24146
153,University of Baltimore,MD,466896,833933,367037,9772,23490
154,Tennessee State University,TN,466827,944943,478116,8568,22284
155,Eastern Oregon University,OR,465296,641941,176645,10709,24380
156,North Carolina A & T State University,NC,464922,1226923,762001,6748,20408
157,University of Colorado Colorado Springs,CO,460054,1014522,554468,10438,23955
158,The University of Texas Medical Branch at Galveston,TX,459476,3791938,3332462,10603,24103
159,University of North Florida,FL,457536,1154110,696574,5964,19407
160,Southern Connecticut State University,CT,451852,622216,170364,12828,26104
161,Central Connecticut State University,CT,451851,1503781,1051930,12460,25736
162,Morgan State University,MD,449708,997747,548039,8118,21331
163,Louisiana State University-Shreveport,LA,447700,822638,374938,7327,20481
164,Massachusetts Maritime Academy,MA,445657,5265764,4820107,10816,23910
165,University of Alabama at Birmingham,AL,443547,1428165,984618,8832,21864
166,Texas A&M University-Texarkana,TX,443037,615966,172929,7930,20947
167,Purdue University Fort Wayne,IN,441300,1433156,991856,9254,22220
168,The University of Texas at San Antonio,TX,440348,1368918,928570,9279,22217
169,University of Maine at Augusta,ME,440076,649265,209189,8618,21548
170,University of Michigan-Flint,MI,439463,1458856,1019393,13566,26478
171,Radford University,VA,439021,802792,363771,12286,25185
172,University of Alabama in Huntsville,AL,438782,2488746,2049964,11878,24770
173,University of West Florida,FL,438442,759769,321327,5776,18658
174,Montana State University-Northern,MT,432588,2106102,1673514,5955,18665
175,The University of Montana-Western,MT,429117,811023,381906,6431,19039
176,Texas A & M University-Commerce,TX,428844,1235358,806514,10026,22626
177,Texas Tech University Health Sciences Center,TX,428844,3417296,2988452,10817,23417
178,Texas Tech University,TX,428810,2242796,1813986,11852,24451
179,University of North Texas at Dallas,TX,428810,1602573,1173763,9590,22189
180,University of Houston,TX,424760,2135877,1711117,9711,22191
181,Southeastern Louisiana University,LA,424691,1102691,678000,8373,20851
182,University of Arkansas at Little Rock,AR,423739,1715112,1291373,9617,22067
183,Florida Atlantic University,FL,423568,1007986,584418,4879,17324
184,University of Southern Indiana,IN,423296,1276527,853231,9621,22058
185,The University of Tennessee Health Science Center,TN,422820,2148120,1725300,11002,23425
186,Florida International University,FL,422003,1126481,704478,6565,18964
187,The University of Texas Permian Basin,TX,416591,2628885,2212294,9237,21477
188,Longwood University,VA,415570,677896,262326,15200,27410
189,University of Louisiana at Monroe,LA,411826,1354101,942275,9190,21290
190,Adams State University,CO,410873,561051,150178,9776,21848
191,University of Wisconsin-Milwaukee,WI,408422,1607219,1198797,10020,22020
192,Florida Agricultural and Mechanical University,FL,406380,420530,14150,5785,17725
193,California State University Maritime Academy,CA,404339,6421793,6017454,7672,19552
194,California State University-East Bay,CA,404339,1888912,1484573,7055,18935
195,California State University-Fresno,CA,404339,483250,78911,6980,18860
196,California State University-Fullerton,CA,404339,614868,210529,7073,18953
197,California State University-Northridge,CA,404339,541174,136835,7095,18975
198,California State University-Sacramento,CA,404339,1194313,789974,7602,19482
199,California State University-San Marcos,CA,404339,1313188,908849,7734,19614
200,San Diego State University,CA,404339,491971,87632,8290,20170
201,Sonoma State University,CA,404339,1421319,1016980,8190,20070
202,California State Polytechnic University-Pomona,CA,404338,1489313,1084975,7439,19319
203,California State University-Channel Islands,CA,404338,870177,465839,6817,18697
204,California State University-Chico,CA,404338,1103205,698867,8064,19944
205,California State University-Long Beach,CA,404338,683468,279130,7008,18888
206,California State University-Monterey Bay,CA,404338,463357,59019,7437,19317
207,California State University-Stanislaus,CA,404338,710994,306656,7826,19706
208,San Francisco State University,CA,404338,1185990,781652,7424,19304
209,San Jose State University,CA,404338,1937028,1532690,7992,19872
210,SUNY College of Environmental Science and Forestry,NY,402637,485091,82454,9206,21036
211,West Chester University of Pennsylvania,PA,402466,1615865,1213399,10686,22511
212,Texas State University,TX,400255,1262358,862103,11450,23210
213,Texas Southern University,TX,400254,659805,259551,8637,20397
214,Indiana State University,IN,399642,1455012,1055370,9992,21734
215,SUNY Polytechnic Institute,NY,396511,1707699,1311188,8578,20228
216,Utah Tech University,UT,393720,1174172,780452,6074,17642
217,Utah Valley University,UT,393447,2218912,1825465,6270,17830
218,University of Northern Iowa,IA,392903,1666870,1273967,9728,21272
219,University of South Carolina-Upstate,SC,391473,1241481,850008,11583,23085
220,Keene State College,NH,390589,578223,187634,14710,26186
221,Marshall University,WV,386368,626102,239734,8942,20294
222,Pittsburg State University,KS,386095,1689656,1303561,8156,19500
223,Texas A & M University-Corpus Christi,TX,384088,1325781,941693,9748,21033
224,Kennesaw State University,GA,383033,1952081,1569048,5786,17040
225,Fort Hays State University,KS,380446,1663549,1283103,5633,16811
226,Valdosta State University,GA,376259,735373,359114,6007,17062
227,Georgia Southern University,GA,376226,1545521,1169295,5905,16959
228,Columbus State University,GA,376191,992128,615937,5751,16804
229,University of West Georgia,GA,376191,1058611,682420,5971,17024
230,University of South Carolina Beaufort,SC,375953,916651,540698,10730,21776
231,Washburn University,KS,374524,1783858,1409334,9578,20582
232,Plymouth State University,NH,372345,726004,353659,14558,25498
233,New Jersey City University,NJ,371563,778778,407215,13971,24888
234,University of South Florida,FL,371461,913223,541762,6410,17324
235,University of Central Oklahoma,OK,370541,1430751,1060210,8522,19409
236,Bowie State University,MD,368942,1284557,915615,8999,19839
237,Northwestern State University of Louisiana,LA,367173,1309679,942506,8864,19652
238,University of North Georgia,GA,366083,1208535,842452,5211,15967
239,Clayton  State University,GA,364926,1285620,920694,5068,15790
240,Georgia Southwestern State University,GA,364926,1332093,967167,4980,15702
241,Savannah State University,GA,364892,416937,52045,5498,16219
242,Salisbury University,MD,363972,1194211,830239,10638,21332
243,Weber State University,UT,363939,2306489,1942550,6391,17084
244,Eastern Kentucky University,KY,363837,942077,578240,10130,20820
245,Auburn University at Montgomery,AL,362680,1299531,936851,9436,20092
246,Winston-Salem State University,NC,362680,1405278,1042598,6735,17391
247,Northern Kentucky University,KY,360229,1567976,1207747,10896,21480
248,University of South Carolina Aiken,SC,355941,1210345,854404,10760,21218
249,Shepherd University,WV,355328,1201124,845796,8642,19082
250,SUNY Morrisville,NY,354647,403420,48773,8769,19189
251,SUNY Oneonta,NY,354647,365388,10741,8812,19232
252,Ramapo College of New Jersey,NJ,354307,1011661,657354,15978,26388
253,Francis Marion University,SC,353082,459656,106574,11170,21544
254,Ohio University-Main Campus,OH,352878,1959786,1606908,13746,24114
255,Northeastern Illinois University,IL,352027,1023779,671752,12383,22726
256,Jacksonville State University,AL,350222,1142899,792677,12426,22716
257,University of North Alabama,AL,347159,856895,509736,11990,22190
258,Stephen F Austin State University,TX,343076,1180904,837828,10600,20680
259,Angelo State University,TX,343075,1082077,739002,8319,18399
260,Tarleton State University,TX,343075,1529976,1186901,7878,17958
261,Texas Woman's University,TX,343075,1838859,1495784,8640,18720
262,University of North Texas,TX,343075,1443619,1100544,11164,21244
263,The University of Texas Rio Grande Valley,TX,342905,580557,237652,9467,19542
264,Tennessee Technological University,TN,341442,1370974,1029532,10084,20116
265,Vermont State University,VT,340624,2221518,1880894,11400,21408
266,Millersville University of Pennsylvania,PA,339331,1001280,661949,12262,22232
267,Delaware State University,DE,338174,577648,239474,10314,20250
268,University of Houston-Downtown,TX,338174,2025193,1687019,7536,17472
269,Fairmont State University,WV,337562,1049949,712387,8454,18372
270,Wichita State University,KS,337561,1486319,1148758,9322,19240
271,Empire State University,NY,337290,1650639,1313349,7630,17540
272,SUNY College at Plattsburgh,NY,337290,587778,250488,8881,18791
273,Farmingdale State College,NY,337289,1833164,1495875,8576,18486
274,SUNY Maritime College,NY,337289,5712052,5374763,8540,18450
275,SUNY Old Westbury,NY,337289,744266,406977,8379,18289
276,State University of New York at Cortland,NY,337289,344522,7233,8815,18725
277,Upstate Medical University,NY,337289,2875130,2537841,8083,17993
278,Rowan University,NJ,335724,651492,315768,15700,25564
279,Troy University,AL,333274,1157883,824609,9792,19584
280,Lamar University,TX,333273,2092503,1759230,8904,18696
281,Sam Houston State University,TX,333273,1305128,971855,9228,19020
282,Texas A&M University-Central Texas,TX,333273,1151644,818371,7363,17155
283,University of Houston-Victoria,TX,333273,1884146,1550873,7499,17291
284,Murray State University,KY,331639,1112783,781144,9708,19452
285,University of Wisconsin-Whitewater,WI,328984,1820072,1491088,8250,17916
286,Middle Georgia State University,GA,326739,1299062,972323,4432,14032
287,Lander University,SC,326738,485893,159155,11700,21300
288,Florida SouthWestern State College,FL,325989,1978895,1652906,3401,12979
289,East Central University,OK,323676,1459198,1135522,8032,17542
290,Cameron University,OK,320612,836830,516218,6900,16320
291,Wright State University-Main Campus,OH,320544,1536523,1215979,10614,20032
292,Vincennes University,IN,320033,1674515,1354482,6886,16289
293,Minnesota State University-Mankato,MN,318910,2018990,1700080,9490,18860
294,University of Toledo,OH,318570,2040819,1722249,11742,21102
295,Illinois State University,IL,318502,1426786,1108284,14121,23479
296,William Paterson University of New Jersey,NJ,317005,530585,213580,15150,24464
297,University of Wisconsin-Eau Claire,WI,314451,1913467,1599016,9277,18516
298,Southeastern Oklahoma State University,OK,313464,1401094,1087630,7200,16410
299,Northeastern State University,OK,310401,1112340,801939,7513,16633
300,Kent State University at Kent,OH,310164,1022326,712162,11767,20880
301,University of West Alabama,AL,309720,757283,447563,10990,20090
302,University of Wisconsin-La Crosse,WI,307679,1687142,1379463,9651,18691
303,University of Wisconsin-Stevens Point,WI,306998,942584,635586,8834,17854
304,University of South Alabama,AL,305501,1333608,1028107,9676,18652
305,University of Wisconsin-Platteville,WI,304921,2859520,2554599,8315,17274
306,Polk State College,FL,303084,1497612,1194528,3366,12271
307,Missouri State University-Springfield,MO,303049,948123,645074,9024,17928
308,Daytona State College,FL,302506,1186191,883685,3106,11994
309,Georgia Gwinnett College,GA,299034,1205680,906646,4458,13244
310,University of Wisconsin-Parkside,WI,294133,1514152,1220019,7855,16497
311,Alabama A & M University,AL,293044,1285895,992851,10024,18634
312,University of Wisconsin-Green Bay,WI,292260,1402163,1109903,8342,16929
313,University of Wisconsin-Stout,WI,291477,2363006,2071529,10142,18706
314,Missouri Western State University,MO,289980,1235759,945779,8970,17490
315,Northwest Florida State College,FL,289504,1064726,775222,3246,11752
316,Louisiana State University Health Sciences Center-New Orleans,LA,288448,3216047,2927599,10376,18851
317,Missouri Southern State University,MO,285896,1223161,937265,8400,16800
318,Truman State University,MO,285896,1071167,785271,9470,17870
319,West Liberty University,WV,285351,447780,162429,8732,17116
320,University of Central Missouri,MO,283343,1501046,1217703,9735,18060
321,Emporia State University,KS,282935,1071132,788197,7356,15669
322,Oakland University,MI,282764,1702661,1419897,16429,24737
323,University of Wisconsin-River Falls,WI,281845,1510343,1228498,8606,16887
324,Seminole State College of Florida,FL,279770,1671278,1391508,3227,11447
325,The University of Tennessee-Chattanooga,TN,274460,1127314,852854,10144,18208
326,University of Arkansas at Pine Bluff,AR,272623,365016,92393,9019,17029
327,Bowling Green State University-Main Campus,OH,271874,962888,691014,13390,21378
328,East Stroudsburg University of Pennsylvania,PA,271125,900192,629067,10736,18702
329,Cheyney University of Pennsylvania,PA,271124,907011,635887,10904,18870
330,College of Staten Island CUNY,NY,270581,1047477,776896,7490,15440
331,CUNY Bernard M Baruch College,NY,270580,1804042,1533462,7464,15414
332,CUNY City College,NY,270580,675203,404623,7340,15290
333,CUNY Graduate School and University Center,NY,270580,3163148,2892568,7410,15360
334,CUNY Hunter College,NY,270580,756607,486027,7382,15332
335,CUNY John Jay College of Criminal Justice,NY,270580,447437,176857,7470,15420
336,CUNY Lehman College,NY,270580,933874,663294,7410,15360
337,CUNY Medgar Evers College,NY,270580,865097,594517,7352,15302
338,CUNY New York City College of Technology,NY,270580,1161629,891049,7332,15282
339,CUNY Queens College,NY,270580,337937,67357,7538,15488
340,CUNY York College,NY,270580,661991,391411,7358,15308
341,University of Wisconsin-Oshkosh,WI,269321,1743666,1474345,8212,16125
342,University of Wisconsin-Superior,WI,269321,1228111,958790,8487,16400
343,Palm Beach State College,FL,267517,1496054,1228537,3050,10910
344,Colorado State University Pueblo,CO,266871,976490,709619,9401,17242
345,College of Central Florida,FL,265713,796265,530552,2710,10517
346,Rogers State University,OK,264930,1297998,1033068,7392,15176
347,Pennsylvania College of Technology,PA,263433,2735316,2471883,17940,25680
348,Louisiana State University-Alexandria,LA,261221,645408,384187,7050,14725
349,Kean University,NJ,260370,465149,204779,13426,21076
350,University of Nebraska at Kearney,NE,260369,1293606,1033237,8270,15920
351,University of Arkansas for Medical Sciences,AR,259961,2868332,2608371,8868,16506
352,Lincoln University,MO,258395,708111,449716,9290,16882
353,Athens State University,AL,256285,1238902,982617,9840,17370
354,Langston University,OK,256183,1839084,1582901,6728,14255
355,Saint Johns River State College,FL,256013,775802,519789,2830,10352
356,SUNY College of Technology at Alfred,NY,255434,1508958,1253524,8862,16367
357,Colorado Mountain College,CO,253222,952392,699170,5100,12540
358,Indian River State College,FL,253120,935631,682511,2764,10201
359,Southern University and A & M College,LA,250159,1234617,984458,9842,17192
360,Bluefield State University,WV,249138,533416,284278,10240,17560
361,University of Central Arkansas,AR,243012,984278,741266,10118,17258
362,SUNY Brockport,NY,240630,601185,360555,8678,15748
363,University of Illinois Springfield,IL,237838,1294688,1056850,12472,19460
364,Salem State University,MA,237668,868239,630571,11978,18961
365,Florida State College at Jacksonville,FL,237362,1930893,1693531,2657,9631
366,Abraham Baldwin Agricultural College,GA,235047,1314022,1078975,3195,10101
367,College of Coastal Georgia,GA,235047,755313,520266,3483,10389
368,Dalton State College,GA,235047,1050490,815443,3283,10189
369,Gordon State College,GA,235047,1205036,969989,3475,10381
370,Purdue University Northwest,IN,234333,2302434,2068101,8048,14933
371,Lincoln University,PA,233890,245858,11968,12512,19384
372,University of Arkansas-Fort Smith,AR,233618,1316463,1082845,6906,13770
373,University of the District of Columbia,DC,233210,1337895,1104685,6152,13004
374,Miami Dade College,FL,232223,1268404,1036181,2838,9661
375,Coppin State University,MD,231032,1249820,1018788,7001,13789
376,Northern Arizona University,AZ,230657,1143591,912934,12238,19015
377,Louisiana Tech University,LA,229431,1639650,1410219,10125,16866
378,Winona State University,MN,229125,1914536,1685411,10498,17230
379,Santa Fe College,FL,225517,1425913,1200396,2563,9189
380,St Petersburg College,FL,224768,1817225,1592457,2682,9286
381,Shawnee State University,OH,222420,395598,173178,9622,16157
382,Western New Mexico University,NM,220753,1451554,1230801,7868,14354
383,SUNY College of Technology at Canton,NY,220685,584976,364291,8689,15173
384,Northwest Missouri State University,MO,219255,1186141,966886,10181,16623
385,Grand Valley State University,MI,210201,1171034,960833,14978,21154
386,Bridgewater State University,MA,208976,572000,363024,11389,17529
387,Broward College,FL,208364,1640597,1432233,2830,8952
388,Fitchburg State University,MA,206934,946316,739382,11046,17126
389,Framingham State University,MA,206934,583065,376131,11630,17710
390,Westfield State University,MA,206934,569361,362427,11882,17962
391,Worcester State University,MA,206934,1206392,999458,11286,17366
392,Arkansas State University,AR,206662,1039097,832435,7754,13826
393,The University of Tennessee-Martin,TN,205573,627122,421549,10194,16234
394,Arkansas Tech University,AR,204008,1061673,857665,8508,14502
395,The College of New Jersey,NJ,200230,1731842,1531612,18685,24568
396,University of Arkansas at Monticello,AR,199106,1279068,1079962,8868,14718
397,Chipola College,FL,198426,881090,682664,3120,8950
398,Northwestern Oklahoma State University,OK,193797,1356252,1162455,5970,11664
399,Northern Michigan University,MI,191347,501920,310573,13622,19244
400,Oklahoma State University Institute of Technology,OK,190937,3839250,3648313,5774,11384
401,Southern Arkansas University Main Campus,AR,189916,1228899,1038983,9820,15400
402,Austin Peay State University,TN,188691,885861,697170,8675,14219
403,University of Minnesota-Duluth,MN,185288,1784937,1599649,14318,19762
404,Cleveland State University,OH,182429,1190602,1008173,12613,17973
405,University of Maine at Fort Kent,ME,179706,2420096,2240390,9045,14325
406,Kutztown University of Pennsylvania,PA,177119,716276,539157,11122,16326
407,Valley City State University,ND,168951,1273907,1104956,8514,13478
408,New Mexico Highlands University,NM,167454,1031319,863865,7260,12180
409,Indiana University of Pennsylvania-Main Campus,PA,167351,898224,730873,11380,16297
410,Morehead State University,KY,165684,810546,644862,9838,14706
411,University of New Orleans,LA,164595,829253,664658,9172,14008
412,North Dakota State University-Main Campus,ND,158400,2621435,2463035,10857,15511
413,Harris-Stowe State University,MO,157652,161353,3701,6442,11074
414,University of North Dakota,ND,157208,2534107,2376899,10951,15570
415,University of Memphis,TN,151117,1091016,939899,10344,14784
416,University of Akron Main Campus,OH,151116,1709808,1558692,12799,17239
417,South Dakota School of Mines and Technology,SD,149755,4578361,4428606,10400,14800
418,University of Maryland Global Campus,MD,147849,3080360,2932511,7992,12336
419,Purdue University Global,IN,146726,1930112,1783386,10110,14421
420,West Virginia University at Parkersburg,WV,142131,598941,456810,5248,9424
421,Slippery Rock University of Pennsylvania,PA,139817,1115363,975546,10507,14615
422,Kentucky State University,KY,137706,578949,441243,9214,13260
423,Fayetteville State University,NC,136141,1031515,895374,3969,7969
424,University of North Carolina at Pembroke,NC,136141,681958,545817,3571,7571
425,Western Carolina University,NC,136141,1033374,897233,4532,8532
426,Western Michigan University,MI,129334,1437127,1307793,15298,19098
427,SUNY College of Technology at Delhi,NY,128312,2499855,2371543,8710,12480
428,South Dakota State University,SD,119464,2241320,2121856,9299,12809
429,University of South Dakota,SD,119464,1664066,1544602,9432,12942
430,Eastern Connecticut State University,CT,113405,429434,316029,13292,16624
431,Western Connecticut State University,CT,113405,975133,861728,12763,16095
432,East Tennessee State University,TN,113269,707839,594570,9706,13034
433,Northern State University,SD,105578,1249829,1144251,8845,11947
434,Black Hills State University,SD,105577,854729,749152,8916,12018
435,Dakota State University,SD,105577,2078257,1972680,9633,12735
436,Eastern Illinois University,IL,83114,545399,462285,13124,15566
437,South Texas College,TX,77600,216059,138459,5220,7500
438,Shippensburg University of Pennsylvania,PA,76716,1151690,1074974,13394,15648
439,Henderson State University,AR,75150,556205,481055,7572,9780
440,University of Minnesota-Morris,MN,73175,398132,324957,14287,16437
441,Dickinson State University,ND,71474,1996213,1924739,9118,11218
442,University of Southern Mississippi,MS,68071,742045,673974,9618,11618
443,Eastern New Mexico University-Main Campus,NM,67390,1394100,1326710,6738,8718
444,Thomas Edison State University,NJ,66709,3931519,3864810,6638,8598
445,Midwestern State University,TX,66368,1996308,1929940,9950,11900
446,West Texas A & M University,TX,64497,1477710,1413213,9101,10996
447,Glenville State University,WV,58812,312261,253449,9412,11140
448,Mayville State University,ND,55444,1286015,1230571,7935,9564
449,University of New Hampshire College of Professional Studies Online,NH,53095,1548826,1495731,7812,9372
450,McNeese State University,LA,51052,1485860,1434808,8460,9960
451,Nicholls State University,LA,37201,1170001,1132800,8173,9266
452,Jackson State University,MS,34035,216089,182054,8795,9795
453,Oklahoma Panhandle State University,OK,25561,2311538,2285977,7922,8673
454,Youngstown State University,OH,12253,1246784,1234531,9757,10117
455,Southwestern Oklahoma State University,OK,1021,2295692,2294671,8295,8325
